{
  "test.js": 1777246662.9217823,
  "index.html": 1777246621.2088447,
  "README.md": 1777246713.0787873
}